Model,Accuracy,Balanced_Acc,Macro_F1
vit_tiny,0.657010428736964,0.551962517406996,0.5336116823492677
