Model,Accuracy,Balanced_Acc,Macro_F1
resnet50,0.7659327925840093,0.714121785035365,0.7459567030239751
