{
  "val_as_test_acc": {
    "mean": 0.6155457019805908,
    "std": 0.04299713130527427,
    "min": 0.5607134699821472,
    "max": 0.6610897779464722
  },
  "val_as_test_bal_acc": {
    "mean": 0.6155457019805908,
    "std": 0.04299713130527427,
    "min": 0.5607134699821472,
    "max": 0.6610897779464722
  },
  "val_as_test_f1_macro": {
    "mean": 0.636596143245697,
    "std": 0.018363446309323985,
    "min": 0.6082473397254944,
    "max": 0.6540033221244812
  }
}